﻿<?xml version="1.0" encoding="utf-8"?>
<deployment>
  <id>e2a12f986227492c886a346125f58824</id>
  <author>N/A</author>
  <deployer>ZipDeploy</deployer>
  <authorEmail>N/A</authorEmail>
  <message>Created via a push deployment</message>
  <progress></progress>
  <status>Success</status>
  <statusText></statusText>
  <lastSuccessEndTime>2025-12-17T11:57:15.6527394Z</lastSuccessEndTime>
  <receivedTime>2025-12-17T11:57:13.6370821Z</receivedTime>
  <startTime>2025-12-17T11:57:14.3089678Z</startTime>
  <endTime>2025-12-17T11:57:15.6527394Z</endTime>
  <complete>True</complete>
  <is_temp>False</is_temp>
  <is_readonly>True</is_readonly>
  <project_type>Run-From-Zip</project_type>
  <vsproject_id></vsproject_id>
</deployment>