<step title="Incoming Request" date="2025-12-17T11:31:13.222" instance="640b9e" url="/api/zipdeploy" method="POST" type="request" pid="6596,2,7" Content-Length="39548059" Content-Type="application/zip" Authorization="Bea..." Host="func-tievaportal-6612.scm.azurewebsites.net" If-Match="*" User-Agent="functions-core-tools/4.6.0" X-ARR-LOG-ID="c338e679-45a9-4ec4-99eb-2ec0c3b70e44" CLIENT-IP="172.166.106.159:4033" X-SITE-DEPLOYMENT-ID="func-tievaPortal-6612" WAS-DEFAULT-HOSTNAME="func-tievaportal-6612.scm.azurewebsites.net" X-Forwarded-Proto="https" X-AppService-Proto="https" X-Forwarded-TlsVersion="1.3" X-WAWS-Unencoded-URL="/api/zipdeploy" >
  <step title="ZipPushDeploy" date="2025-12-17T11:31:13.316" >
    <step title="Functions App ZipDeploy. Run from package." date="2025-12-17T11:31:13.363" /><!-- duration: 31ms -->
    <step title="Starting PushDeployAsync" date="2025-12-17T11:31:13.426" /><!-- duration: 16ms -->
    <step title="Updating shutdown sentinel last write time" date="2025-12-17T11:31:13.582" SemaphoreCount="7" /><!-- duration: 31ms -->
    <step title="LockFile &apos;C:\home\site\locks\deployments.lock&apos; acquired" date="2025-12-17T11:31:13.644" /><!-- duration: 16ms -->
    <step title="Saving request content to C:\home\data\SitePackages\20251217113113.zip" date="2025-12-17T11:31:13.707" >
      <step title="Total 39,548,059 bytes written to C:\home\data\SitePackages\20251217113113.zip" date="2025-12-17T11:31:14.441" /><!-- duration: 16ms -->
    </step><!-- duration: 2369ms -->
    <step title="LockFile &apos;C:\home\site\locks\deployments.lock&apos; released" date="2025-12-17T11:31:16.107" /><!-- duration: 31ms -->
    <step title="Deleting shutdown sentinel file" date="2025-12-17T11:31:16.185" SemaphoreCount="8" /><!-- duration: 31ms -->
    <step title="Starting FetchDeploy" date="2025-12-17T11:31:16.248" /><!-- duration: 31ms -->
    <step title="Attempting to fetch target branch HEAD" date="2025-12-17T11:31:16.295" /><!-- duration: 31ms -->
    <step title="Updating shutdown sentinel last write time" date="2025-12-17T11:31:16.373" SemaphoreCount="7" /><!-- duration: 31ms -->
    <step title="LockFile &apos;C:\home\site\locks\deployments.lock&apos; acquired" date="2025-12-17T11:31:16.420" /><!-- duration: 16ms -->
    <step title="Performing fetch based deployment" date="2025-12-17T11:31:16.466" >
      <step title="Creating temporary deployment" date="2025-12-17T11:31:16.482" /><!-- duration: 188ms -->
      <step title="Fetching changes." date="2025-12-17T11:31:16.889" /><!-- duration: 16ms -->
      <step title="Starting LocalZipHandler" date="2025-12-17T11:31:16.952" /><!-- duration: 31ms -->
      <step title="Starting ExtractTriggers" date="2025-12-17T11:31:17.014" /><!-- duration: 16ms -->
      <step title="None repository commit" date="2025-12-17T11:31:17.248" >
        <step title="Commit id: c4995637374a42289aaab087fa72a155" date="2025-12-17T11:31:17.280" Message="Created via a push deployment" AuthorName="N/A" AuthorEmail="N/A" /><!-- duration: 16ms -->
      </step><!-- duration: 62ms -->
      <step title="Before sending BuildRequestReceived status to /api/updatedeploystatus" date="2025-12-17T11:31:17.326" /><!-- duration: 31ms -->
      <step title="DeploymentManager.Deploy(id:c4995637374a42289aaab087fa72a155)" date="2025-12-17T11:31:17.373" >
        <step title="Collecting changeset information" date="2025-12-17T11:31:17.420" /><!-- duration: 156ms -->
        <step title="Updating submodules" date="2025-12-17T11:31:17.608" >
          <step title="Updating submodules." date="2025-12-17T11:31:17.795" /><!-- duration: 16ms -->
        </step><!-- duration: 250ms -->
        <step title="Preparing deployment for commit id &apos;c499563737&apos;." date="2025-12-17T11:31:18.061" /><!-- duration: 31ms -->
        <step title="Determining deployment builder" date="2025-12-17T11:31:18.295" >
          <step title="Builder is RunFromZipSiteBuilder" date="2025-12-17T11:31:18.326" /><!-- duration: 16ms -->
        </step><!-- duration: 82ms -->
        <step title="Copying SSH keys" date="2025-12-17T11:31:18.452" /><!-- duration: 47ms -->
        <step title="Building" date="2025-12-17T11:31:18.515" >
          <step title="Skipping build. Project type: Run-From-Zip" date="2025-12-17T11:31:18.718" /><!-- duration: 16ms -->
          <step title="Skipping post build. Project type: Run-From-Zip" date="2025-12-17T11:31:18.952" /><!-- duration: 16ms -->
          <step title="Triggering recycle (preview mode disabled)." date="2025-12-17T11:31:19.187" /><!-- duration: 16ms -->
          <step title="Ignoring FS watcher based recycle request as this is a classic Windows app." date="2025-12-17T11:31:19.249" /><!-- duration: 16ms -->
          <step title="Deployment successful. DEPLOYMENTINFO: deploymentPath = Functions App ZipDeploy. Run from package., deployer = ZipDeploy, os = windows, sku = Dynamic, language = dotnet-isolated, siteName = func-tievaPortal-6612, slotName = Production, siteHostName = func-tievaportal-6612.azurewebsites.net, deploymentStatus = Success" date="2025-12-17T11:31:19.452" /><!-- duration: 16ms -->
        </step><!-- duration: 1516ms -->
      </step><!-- duration: 2704ms -->
      <step title="Cleaning up temp files" date="2025-12-17T11:31:20.093" /><!-- duration: 31ms -->
      <step title="Updating C:\home\data\SitePackages\packagename.txt with deployment 20251217113113.zip" date="2025-12-17T11:31:20.140" /><!-- duration: 63ms -->
      <step title="Begin HttpPost https://func-tievaportal-6612.scm.azurewebsites.net/operations/settriggers, x-ms-request-id: c338e679-45a9-4ec4-99eb-2ec0c3b70e44" date="2025-12-17T11:31:20.327" /><!-- duration: 16ms -->
      <step title="End HttpPost, status: OK" date="2025-12-17T11:31:20.812" /><!-- duration: 31ms -->
      <step title="Scheduling background sync triggers after delay" date="2025-12-17T11:31:20.858" /><!-- duration: 31ms -->
    </step><!-- duration: 4642ms -->
    <step title="LockFile &apos;C:\home\site\locks\deployments.lock&apos; released" date="2025-12-17T11:31:21.140" /><!-- duration: 31ms -->
  </step><!-- duration: 7886ms -->
  <step title="Outgoing response" date="2025-12-17T11:31:21.233" type="response" statusCode="200" statusText="OK" Server="Microsoft-IIS/10.0" x-ms-request-id="c338e679-45a9-4ec4-99eb-2ec0c3b70e44" Cache-Control="private" X-AspNet-Version="4.0.30319" /><!-- duration: 16ms -->
</step><!-- duration: 8042ms -->
