<step title="Incoming Request" date="2025-12-17T12:41:42.364" instance="a10eff" url="/api/zipdeploy" method="POST" type="request" pid="1968,2,8" Content-Length="25441666" Content-Type="application/zip" Authorization="Bea..." Host="func-tievaportal-6612.scm.azurewebsites.net" If-Match="*" User-Agent="functions-core-tools/4.6.0" X-ARR-LOG-ID="331dd06d-e3ee-4780-9007-4e459e3529aa" CLIENT-IP="172.166.106.159:4033" X-SITE-DEPLOYMENT-ID="func-tievaPortal-6612" WAS-DEFAULT-HOSTNAME="func-tievaportal-6612.scm.azurewebsites.net" X-Forwarded-Proto="https" X-AppService-Proto="https" X-Forwarded-TlsVersion="1.3" X-WAWS-Unencoded-URL="/api/zipdeploy" >
  <step title="ZipPushDeploy" date="2025-12-17T12:41:42.442" >
    <step title="Functions App ZipDeploy. Run from package." date="2025-12-17T12:41:42.473" /><!-- duration: 16ms -->
    <step title="Starting PushDeployAsync" date="2025-12-17T12:41:42.520" /><!-- duration: 16ms -->
    <step title="Updating shutdown sentinel last write time" date="2025-12-17T12:41:42.630" SemaphoreCount="7" /><!-- duration: 16ms -->
    <step title="LockFile &apos;C:\home\site\locks\deployments.lock&apos; acquired" date="2025-12-17T12:41:42.676" /><!-- duration: 16ms -->
    <step title="Deleting outdated zip file C:\home\data\SitePackages\20251217113113.zip" date="2025-12-17T12:41:42.723" /><!-- duration: 47ms -->
    <step title="Saving request content to C:\home\data\SitePackages\20251217124142.zip" date="2025-12-17T12:41:42.786" >
      <step title="Total 25,441,666 bytes written to C:\home\data\SitePackages\20251217124142.zip" date="2025-12-17T12:41:43.145" /><!-- duration: 16ms -->
    </step><!-- duration: 1204ms -->
    <step title="LockFile &apos;C:\home\site\locks\deployments.lock&apos; released" date="2025-12-17T12:41:44.021" /><!-- duration: 16ms -->
    <step title="Deleting shutdown sentinel file" date="2025-12-17T12:41:44.084" SemaphoreCount="8" /><!-- duration: 16ms -->
    <step title="Starting FetchDeploy" date="2025-12-17T12:41:44.131" /><!-- duration: 16ms -->
    <step title="Attempting to fetch target branch HEAD" date="2025-12-17T12:41:44.177" /><!-- duration: 16ms -->
    <step title="Updating shutdown sentinel last write time" date="2025-12-17T12:41:44.241" SemaphoreCount="7" /><!-- duration: 15ms -->
    <step title="LockFile &apos;C:\home\site\locks\deployments.lock&apos; acquired" date="2025-12-17T12:41:44.287" /><!-- duration: 16ms -->
    <step title="Performing fetch based deployment" date="2025-12-17T12:41:44.334" >
      <step title="Creating temporary deployment" date="2025-12-17T12:41:44.365" /><!-- duration: 141ms -->
      <step title="Fetching changes." date="2025-12-17T12:41:44.693" /><!-- duration: 16ms -->
      <step title="Starting LocalZipHandler" date="2025-12-17T12:41:44.740" /><!-- duration: 16ms -->
      <step title="Starting ExtractTriggers" date="2025-12-17T12:41:44.787" /><!-- duration: 16ms -->
      <step title="None repository commit" date="2025-12-17T12:41:44.896" >
        <step title="Commit id: 60bfcda9ec9543a5bfc9d59fc0f75f35" date="2025-12-17T12:41:44.912" Message="Created via a push deployment" AuthorName="N/A" AuthorEmail="N/A" /><!-- duration: 16ms -->
      </step><!-- duration: 47ms -->
      <step title="Before sending BuildRequestReceived status to /api/updatedeploystatus" date="2025-12-17T12:41:44.974" /><!-- duration: 16ms -->
      <step title="DeploymentManager.Deploy(id:60bfcda9ec9543a5bfc9d59fc0f75f35)" date="2025-12-17T12:41:45.006" >
        <step title="Collecting changeset information" date="2025-12-17T12:41:45.052" /><!-- duration: 125ms -->
        <step title="Updating submodules" date="2025-12-17T12:41:45.193" >
          <step title="Updating submodules." date="2025-12-17T12:41:45.349" /><!-- duration: 16ms -->
        </step><!-- duration: 203ms -->
        <step title="Preparing deployment for commit id &apos;60bfcda9ec&apos;." date="2025-12-17T12:41:45.568" /><!-- duration: 16ms -->
        <step title="Determining deployment builder" date="2025-12-17T12:41:45.740" >
          <step title="Builder is RunFromZipSiteBuilder" date="2025-12-17T12:41:45.756" /><!-- duration: 16ms -->
        </step><!-- duration: 47ms -->
        <step title="Copying SSH keys" date="2025-12-17T12:41:45.849" /><!-- duration: 31ms -->
        <step title="Building" date="2025-12-17T12:41:45.912" >
          <step title="Skipping build. Project type: Run-From-Zip" date="2025-12-17T12:41:46.068" /><!-- duration: 31ms -->
          <step title="Skipping post build. Project type: Run-From-Zip" date="2025-12-17T12:41:46.287" /><!-- duration: 31ms -->
          <step title="Triggering recycle (preview mode disabled)." date="2025-12-17T12:41:46.521" /><!-- duration: 31ms -->
          <step title="Ignoring FS watcher based recycle request as this is a classic Windows app." date="2025-12-17T12:41:46.584" /><!-- duration: 31ms -->
          <step title="Deployment successful. DEPLOYMENTINFO: deploymentPath = Functions App ZipDeploy. Run from package., deployer = ZipDeploy, os = windows, sku = Dynamic, language = dotnet-isolated, siteName = func-tievaPortal-6612, slotName = Production, siteHostName = func-tievaportal-6612.azurewebsites.net, deploymentStatus = Success" date="2025-12-17T12:41:46.787" /><!-- duration: 31ms -->
        </step><!-- duration: 1406ms -->
      </step><!-- duration: 2328ms -->
      <step title="Cleaning up temp files" date="2025-12-17T12:41:47.349" /><!-- duration: 31ms -->
      <step title="Updating C:\home\data\SitePackages\packagename.txt with deployment 20251217124142.zip" date="2025-12-17T12:41:47.396" /><!-- duration: 47ms -->
      <step title="Begin HttpPost https://func-tievaportal-6612.scm.azurewebsites.net/operations/settriggers, x-ms-request-id: 331dd06d-e3ee-4780-9007-4e459e3529aa" date="2025-12-17T12:41:47.537" /><!-- duration: 16ms -->
      <step title="End HttpPost, status: OK" date="2025-12-17T12:41:47.974" /><!-- duration: 16ms -->
      <step title="Scheduling background sync triggers after delay" date="2025-12-17T12:41:48.006" /><!-- duration: 31ms -->
    </step><!-- duration: 3890ms -->
    <step title="LockFile &apos;C:\home\site\locks\deployments.lock&apos; released" date="2025-12-17T12:41:48.240" /><!-- duration: 16ms -->
  </step><!-- duration: 5845ms -->
  <step title="Outgoing response" date="2025-12-17T12:41:48.318" type="response" statusCode="200" statusText="OK" Server="Microsoft-IIS/10.0" x-ms-request-id="331dd06d-e3ee-4780-9007-4e459e3529aa" Cache-Control="private" X-AspNet-Version="4.0.30319" /><!-- duration: 16ms -->
</step><!-- duration: 5985ms -->
