<step title="Incoming Request" date="2025-12-17T11:57:09.017" instance="d87153" url="/api/zipdeploy" method="POST" type="request" pid="5476,2,5" Content-Length="39548059" Content-Type="application/zip" Authorization="Bea..." Host="func-tievaportal-6612.scm.azurewebsites.net" If-Match="*" User-Agent="functions-core-tools/4.6.0" X-ARR-LOG-ID="ea0c261a-6eed-4424-82ff-7266b3a749f0" CLIENT-IP="172.166.106.159:4033" X-SITE-DEPLOYMENT-ID="func-tievaPortal-6612" WAS-DEFAULT-HOSTNAME="func-tievaportal-6612.scm.azurewebsites.net" X-Forwarded-Proto="https" X-AppService-Proto="https" X-Forwarded-TlsVersion="1.3" X-WAWS-Unencoded-URL="/api/zipdeploy" >
  <step title="ZipPushDeploy" date="2025-12-17T11:57:09.143" >
    <step title="Functions App ZipDeploy. Run from package." date="2025-12-17T11:57:09.189" /><!-- duration: 31ms -->
    <step title="Starting PushDeployAsync" date="2025-12-17T11:57:09.252" /><!-- duration: 16ms -->
    <step title="Updating shutdown sentinel last write time" date="2025-12-17T11:57:09.471" SemaphoreCount="7" /><!-- duration: 31ms -->
    <step title="LockFile &apos;C:\home\site\locks\deployments.lock&apos; acquired" date="2025-12-17T11:57:09.517" /><!-- duration: 16ms -->
    <step title="Deleting outdated zip file C:\home\data\SitePackages\20251216213426.zip" date="2025-12-17T11:57:09.596" /><!-- duration: 31ms -->
    <step title="Saving request content to C:\home\data\SitePackages\20251217115709.zip" date="2025-12-17T11:57:09.658" >
      <step title="Total 39,548,059 bytes written to C:\home\data\SitePackages\20251217115709.zip" date="2025-12-17T11:57:10.205" /><!-- duration: 31ms -->
    </step><!-- duration: 2322ms -->
    <step title="LockFile &apos;C:\home\site\locks\deployments.lock&apos; released" date="2025-12-17T11:57:12.012" /><!-- duration: 51ms -->
    <step title="Deleting shutdown sentinel file" date="2025-12-17T11:57:12.105" SemaphoreCount="8" /><!-- duration: 31ms -->
    <step title="Starting FetchDeploy" date="2025-12-17T11:57:12.168" /><!-- duration: 31ms -->
    <step title="Attempting to fetch target branch HEAD" date="2025-12-17T11:57:12.215" /><!-- duration: 31ms -->
    <step title="Updating shutdown sentinel last write time" date="2025-12-17T11:57:12.308" SemaphoreCount="7" /><!-- duration: 31ms -->
    <step title="LockFile &apos;C:\home\site\locks\deployments.lock&apos; acquired" date="2025-12-17T11:57:12.355" /><!-- duration: 31ms -->
    <step title="Performing fetch based deployment" date="2025-12-17T11:57:12.418" >
      <step title="Creating temporary deployment" date="2025-12-17T11:57:12.433" /><!-- duration: 203ms -->
      <step title="Fetching changes." date="2025-12-17T11:57:12.887" /><!-- duration: 16ms -->
      <step title="Starting LocalZipHandler" date="2025-12-17T11:57:12.949" /><!-- duration: 16ms -->
      <step title="Starting ExtractTriggers" date="2025-12-17T11:57:13.012" /><!-- duration: 31ms -->
      <step title="None repository commit" date="2025-12-17T11:57:13.402" >
        <step title="Commit id: e2a12f986227492c886a346125f58824" date="2025-12-17T11:57:13.418" Message="Created via a push deployment" AuthorName="N/A" AuthorEmail="N/A" /><!-- duration: 31ms -->
      </step><!-- duration: 62ms -->
      <step title="Before sending BuildRequestReceived status to /api/updatedeploystatus" date="2025-12-17T11:57:13.480" /><!-- duration: 16ms -->
      <step title="DeploymentManager.Deploy(id:e2a12f986227492c886a346125f58824)" date="2025-12-17T11:57:13.527" >
        <step title="Collecting changeset information" date="2025-12-17T11:57:13.574" /><!-- duration: 141ms -->
        <step title="Updating submodules" date="2025-12-17T11:57:13.746" >
          <step title="Updating submodules." date="2025-12-17T11:57:13.918" /><!-- duration: 16ms -->
        </step><!-- duration: 234ms -->
        <step title="Preparing deployment for commit id &apos;e2a12f9862&apos;." date="2025-12-17T11:57:14.199" /><!-- duration: 16ms -->
        <step title="Determining deployment builder" date="2025-12-17T11:57:14.387" >
          <step title="Builder is RunFromZipSiteBuilder" date="2025-12-17T11:57:14.402" /><!-- duration: 31ms -->
        </step><!-- duration: 63ms -->
        <step title="Copying SSH keys" date="2025-12-17T11:57:14.558" /><!-- duration: 47ms -->
        <step title="Building" date="2025-12-17T11:57:14.621" >
          <step title="Skipping build. Project type: Run-From-Zip" date="2025-12-17T11:57:14.855" /><!-- duration: 16ms -->
          <step title="Skipping post build. Project type: Run-From-Zip" date="2025-12-17T11:57:15.059" /><!-- duration: 31ms -->
          <step title="Triggering recycle (preview mode disabled)." date="2025-12-17T11:57:15.277" /><!-- duration: 31ms -->
          <step title="Ignoring FS watcher based recycle request as this is a classic Windows app." date="2025-12-17T11:57:15.340" /><!-- duration: 16ms -->
          <step title="Deployment successful. DEPLOYMENTINFO: deploymentPath = Functions App ZipDeploy. Run from package., deployer = ZipDeploy, os = windows, sku = Dynamic, language = dotnet-isolated, siteName = func-tievaPortal-6612, slotName = Production, siteHostName = func-tievaportal-6612.azurewebsites.net, deploymentStatus = Success" date="2025-12-17T11:57:15.527" /><!-- duration: 16ms -->
        </step><!-- duration: 1484ms -->
      </step><!-- duration: 2594ms -->
      <step title="Cleaning up temp files" date="2025-12-17T11:57:16.137" /><!-- duration: 16ms -->
      <step title="Updating C:\home\data\SitePackages\packagename.txt with deployment 20251217115709.zip" date="2025-12-17T11:57:16.184" /><!-- duration: 47ms -->
      <step title="Begin HttpPost https://func-tievaportal-6612.scm.azurewebsites.net/operations/settriggers, x-ms-request-id: ea0c261a-6eed-4424-82ff-7266b3a749f0" date="2025-12-17T11:57:16.340" /><!-- duration: 16ms -->
      <step title="End HttpPost, status: OK" date="2025-12-17T11:57:16.824" /><!-- duration: 31ms -->
      <step title="Scheduling background sync triggers after delay" date="2025-12-17T11:57:16.887" /><!-- duration: 16ms -->
    </step><!-- duration: 4734ms -->
    <step title="LockFile &apos;C:\home\site\locks\deployments.lock&apos; released" date="2025-12-17T11:57:17.183" /><!-- duration: 16ms -->
  </step><!-- duration: 8088ms -->
  <step title="Outgoing response" date="2025-12-17T11:57:17.262" type="response" statusCode="200" statusText="OK" Server="Microsoft-IIS/10.0" x-ms-request-id="ea0c261a-6eed-4424-82ff-7266b3a749f0" Cache-Control="private" X-AspNet-Version="4.0.30319" /><!-- duration: 16ms -->
</step><!-- duration: 8275ms -->
