<Events><Event><System><Provider Name="IIS AspNetCore Module V2"/><EventID>1033</EventID><Level>4</Level><Task>0</Task><Keywords>Keywords</Keywords><TimeCreated SystemTime="2025-12-16T21:27:57Z"/><EventRecordID>56143015</EventRecordID><Channel>Application</Channel><Computer>10-30-0-34</Computer><Security/></System><EventData><Data>Application 'MACHINE/WEBROOT/APPHOST/MAWSFNPLACEHOLDER96_F_V4_DOTNET-ISOLATED_8.0_X64' has shutdown.</Data><Data>Process Id: 5544.</Data><Data>File Version: 18.0.25301.22. Description: IIS ASP.NET Core Module V2 Request Handler. Commit: </Data></EventData></Event><Event><System><Provider Name="IIS AspNetCore Module V2"/><EventID>1033</EventID><Level>4</Level><Task>0</Task><Keywords>Keywords</Keywords><TimeCreated SystemTime="2025-12-16T21:56:02Z"/><EventRecordID>205225203</EventRecordID><Channel>Application</Channel><Computer>10-30-15-206</Computer><Security/></System><EventData><Data>Application 'MACHINE/WEBROOT/APPHOST/MAWSFNPLACEHOLDER289_F_V4_DOTNET-ISOLATED_8.0_X64' has shutdown.</Data><Data>Process Id: 5528.</Data><Data>File Version: 18.0.25301.22. Description: IIS ASP.NET Core Module V2 Request Handler. Commit: </Data></EventData></Event><Event><System><Provider Name="IIS AspNetCore Module V2"/><EventID>1033</EventID><Level>4</Level><Task>0</Task><Keywords>Keywords</Keywords><TimeCreated SystemTime="2025-12-16T22:02:34Z"/><EventRecordID>58220000</EventRecordID><Channel>Application</Channel><Computer>10-30-0-34</Computer><Security/></System><EventData><Data>Application 'MACHINE/WEBROOT/APPHOST/MAWSFNPLACEHOLDER99_F_V4_DOTNET-ISOLATED_8.0_X64' has shutdown.</Data><Data>Process Id: 6568.</Data><Data>File Version: 18.0.25301.22. Description: IIS ASP.NET Core Module V2 Request Handler. Commit: </Data></EventData></Event><Event><System><Provider Name="IIS AspNetCore Module V2"/><EventID>1033</EventID><Level>4</Level><Task>0</Task><Keywords>Keywords</Keywords><TimeCreated SystemTime="2025-12-16T22:02:39Z"/><EventRecordID>71973609</EventRecordID><Channel>Application</Channel><Computer>10-30-0-117</Computer><Security/></System><EventData><Data>Application 'MACHINE/WEBROOT/APPHOST/MAWSFNPLACEHOLDER99_F_V4_DOTNET-ISOLATED_8.0_X64' has shutdown.</Data><Data>Process Id: 5552.</Data><Data>File Version: 18.0.25301.22. Description: IIS ASP.NET Core Module V2 Request Handler. Commit: </Data></EventData></Event><Event><System><Provider Name="IIS AspNetCore Module V2"/><EventID>1032</EventID><Level>4</Level><Task>0</Task><Keywords>Keywords</Keywords><TimeCreated SystemTime="2025-12-16T22:02:43Z"/><EventRecordID>58229343</EventRecordID><Channel>Application</Channel><Computer>10-30-0-34</Computer><Security/></System><EventData><Data>Application 'C:\Program Files (x86)\SiteExtensions\Functions\4.1045.200\64bit\' started successfully.</Data><Data>Process Id: 2232.</Data><Data>File Version: 18.0.25301.22. Description: IIS ASP.NET Core Module V2 Request Handler. Commit: </Data></EventData></Event><Event><System><Provider Name="IIS AspNetCore Module V2"/><EventID>1032</EventID><Level>4</Level><Task>0</Task><Keywords>Keywords</Keywords><TimeCreated SystemTime="2025-12-16T22:02:45Z"/><EventRecordID>71980406</EventRecordID><Channel>Application</Channel><Computer>10-30-0-117</Computer><Security/></System><EventData><Data>Application 'C:\Program Files (x86)\SiteExtensions\Functions\4.1045.200\64bit\' started successfully.</Data><Data>Process Id: 7312.</Data><Data>File Version: 18.0.25301.22. Description: IIS ASP.NET Core Module V2 Request Handler. Commit: </Data></EventData></Event><Event><System><Provider Name="IIS AspNetCore Module V2"/><EventID>1033</EventID><Level>4</Level><Task>0</Task><Keywords>Keywords</Keywords><TimeCreated SystemTime="2025-12-16T22:15:57Z"/><EventRecordID>72771953</EventRecordID><Channel>Application</Channel><Computer>10-30-0-117</Computer><Security/></System><EventData><Data>Application 'MACHINE/WEBROOT/APPHOST/MAWSFNPLACEHOLDER99_F_V4_DOTNET-ISOLATED_8.0_X64' has shutdown.</Data><Data>Process Id: 7312.</Data><Data>File Version: 18.0.25301.22. Description: IIS ASP.NET Core Module V2 Request Handler. Commit: </Data></EventData></Event><Event><System><Provider Name="IIS AspNetCore Module V2"/><EventID>1033</EventID><Level>4</Level><Task>0</Task><Keywords>Keywords</Keywords><TimeCreated SystemTime="2025-12-16T22:16:41Z"/><EventRecordID>59067421</EventRecordID><Channel>Application</Channel><Computer>10-30-0-34</Computer><Security/></System><EventData><Data>Application 'MACHINE/WEBROOT/APPHOST/MAWSFNPLACEHOLDER99_F_V4_DOTNET-ISOLATED_8.0_X64' has shutdown.</Data><Data>Process Id: 2232.</Data><Data>File Version: 18.0.25301.22. Description: IIS ASP.NET Core Module V2 Request Handler. Commit: </Data></EventData></Event><Event><System><Provider Name="IIS AspNetCore Module V2"/><EventID>1033</EventID><Level>4</Level><Task>0</Task><Keywords>Keywords</Keywords><TimeCreated SystemTime="2025-12-16T22:27:37Z"/><EventRecordID>70294593</EventRecordID><Channel>Application</Channel><Computer>10-30-17-175</Computer><Security/></System><EventData><Data>Application 'MACHINE/WEBROOT/APPHOST/MAWSFNPLACEHOLDER85_F_V4_DOTNET-ISOLATED_8.0_X64' has shutdown.</Data><Data>Process Id: 8016.</Data><Data>File Version: 18.0.25301.22. Description: IIS ASP.NET Core Module V2 Request Handler. Commit: </Data></EventData></Event><Event><System><Provider Name="IIS AspNetCore Module V2"/><EventID>1033</EventID><Level>4</Level><Task>0</Task><Keywords>Keywords</Keywords><TimeCreated SystemTime="2025-12-16T23:09:48Z"/><EventRecordID>88615750</EventRecordID><Channel>Application</Channel><Computer>10-30-17-33</Computer><Security/></System><EventData><Data>Application 'MACHINE/WEBROOT/APPHOST/MAWSFNPLACEHOLDER132_F_V4_DOTNET-ISOLATED_8.0_X64' has shutdown.</Data><Data>Process Id: 7284.</Data><Data>File Version: 18.0.25301.22. Description: IIS ASP.NET Core Module V2 Request Handler. Commit: </Data></EventData></Event><Event><System><Provider Name="IIS AspNetCore Module V2"/><EventID>1033</EventID><Level>4</Level><Task>0</Task><Keywords>Keywords</Keywords><TimeCreated SystemTime="2025-12-16T23:09:50Z"/><EventRecordID>214550000</EventRecordID><Channel>Application</Channel><Computer>10-30-18-82</Computer><Security/></System><EventData><Data>Application 'MACHINE/WEBROOT/APPHOST/MAWSFNPLACEHOLDER304_F_V4_DOTNET-ISOLATED_8.0_X64' has shutdown.</Data><Data>Process Id: 5756.</Data><Data>File Version: 18.0.25301.22. Description: IIS ASP.NET Core Module V2 Request Handler. Commit: </Data></EventData></Event><Event><System><Provider Name="IIS AspNetCore Module V2"/><EventID>1033</EventID><Level>4</Level><Task>0</Task><Keywords>Keywords</Keywords><TimeCreated SystemTime="2025-12-16T23:09:50Z"/><EventRecordID>75033546</EventRecordID><Channel>Application</Channel><Computer>10-30-17-76</Computer><Security/></System><EventData><Data>Application 'MACHINE/WEBROOT/APPHOST/MAWSFNPLACEHOLDER101_F_V4_DOTNET-ISOLATED_8.0_X64' has shutdown.</Data><Data>Process Id: 3404.</Data><Data>File Version: 18.0.25301.22. Description: IIS ASP.NET Core Module V2 Request Handler. Commit: </Data></EventData></Event><Event><System><Provider Name="IIS AspNetCore Module V2"/><EventID>1032</EventID><Level>4</Level><Task>0</Task><Keywords>Keywords</Keywords><TimeCreated SystemTime="2025-12-16T23:09:55Z"/><EventRecordID>88622656</EventRecordID><Channel>Application</Channel><Computer>10-30-17-33</Computer><Security/></System><EventData><Data>Application 'C:\Program Files (x86)\SiteExtensions\Functions\4.1045.200\64bit\' started successfully.</Data><Data>Process Id: 5096.</Data><Data>File Version: 18.0.25301.22. Description: IIS ASP.NET Core Module V2 Request Handler. Commit: </Data></EventData></Event><Event><System><Provider Name="IIS AspNetCore Module V2"/><EventID>1032</EventID><Level>4</Level><Task>0</Task><Keywords>Keywords</Keywords><TimeCreated SystemTime="2025-12-16T23:10:00Z"/><EventRecordID>214559796</EventRecordID><Channel>Application</Channel><Computer>10-30-18-82</Computer><Security/></System><EventData><Data>Application 'C:\Program Files (x86)\SiteExtensions\Functions\4.1045.200\64bit\' started successfully.</Data><Data>Process Id: 2560.</Data><Data>File Version: 18.0.25301.22. Description: IIS ASP.NET Core Module V2 Request Handler. Commit: </Data></EventData></Event><Event><System><Provider Name="IIS AspNetCore Module V2"/><EventID>1033</EventID><Level>4</Level><Task>0</Task><Keywords>Keywords</Keywords><TimeCreated SystemTime="2025-12-16T23:37:04Z"/><EventRecordID>216184562</EventRecordID><Channel>Application</Channel><Computer>10-30-18-82</Computer><Security/></System><EventData><Data>Application 'MACHINE/WEBROOT/APPHOST/MAWSFNPLACEHOLDER304_F_V4_DOTNET-ISOLATED_8.0_X64' has shutdown.</Data><Data>Process Id: 2560.</Data><Data>File Version: 18.0.25301.22. Description: IIS ASP.NET Core Module V2 Request Handler. Commit: </Data></EventData></Event><Event><System><Provider Name="IIS AspNetCore Module V2"/><EventID>1033</EventID><Level>4</Level><Task>0</Task><Keywords>Keywords</Keywords><TimeCreated SystemTime="2025-12-16T23:37:56Z"/><EventRecordID>90304187</EventRecordID><Channel>Application</Channel><Computer>10-30-17-33</Computer><Security/></System><EventData><Data>Application 'MACHINE/WEBROOT/APPHOST/MAWSFNPLACEHOLDER132_F_V4_DOTNET-ISOLATED_8.0_X64' has shutdown.</Data><Data>Process Id: 5096.</Data><Data>File Version: 18.0.25301.22. Description: IIS ASP.NET Core Module V2 Request Handler. Commit: </Data></EventData></Event><Event><System><Provider Name="IIS AspNetCore Module V2"/><EventID>1033</EventID><Level>4</Level><Task>0</Task><Keywords>Keywords</Keywords><TimeCreated SystemTime="2025-12-16T23:48:39Z"/><EventRecordID>78447437</EventRecordID><Channel>Application</Channel><Computer>10-30-0-114</Computer><Security/></System><EventData><Data>Application 'MACHINE/WEBROOT/APPHOST/MAWSFNPLACEHOLDER117_F_V4_DOTNET-ISOLATED_8.0_X64' has shutdown.</Data><Data>Process Id: 8060.</Data><Data>File Version: 18.0.25301.22. Description: IIS ASP.NET Core Module V2 Request Handler. Commit: </Data></EventData></Event><Event><System><Provider Name="IIS AspNetCore Module V2"/><EventID>1032</EventID><Level>4</Level><Task>0</Task><Keywords>Keywords</Keywords><TimeCreated SystemTime="2025-12-16T23:49:12Z"/><EventRecordID>78480375</EventRecordID><Channel>Application</Channel><Computer>10-30-0-114</Computer><Security/></System><EventData><Data>Application 'C:\Program Files (x86)\SiteExtensions\Functions\4.1045.200\64bit\' started successfully.</Data><Data>Process Id: 7080.</Data><Data>File Version: 18.0.25301.22. Description: IIS ASP.NET Core Module V2 Request Handler. Commit: </Data></EventData></Event><Event><System><Provider Name="IIS AspNetCore Module V2"/><EventID>1033</EventID><Level>4</Level><Task>0</Task><Keywords>Keywords</Keywords><TimeCreated SystemTime="2025-12-17T00:00:21Z"/><EventRecordID>79149453</EventRecordID><Channel>Application</Channel><Computer>10-30-0-114</Computer><Security/></System><EventData><Data>Application 'MACHINE/WEBROOT/APPHOST/MAWSFNPLACEHOLDER117_F_V4_DOTNET-ISOLATED_8.0_X64' has shutdown.</Data><Data>Process Id: 7080.</Data><Data>File Version: 18.0.25301.22. Description: IIS ASP.NET Core Module V2 Request Handler. Commit: </Data></EventData></Event><Event><System><Provider Name="IIS AspNetCore Module V2"/><EventID>1033</EventID><Level>4</Level><Task>0</Task><Keywords>Keywords</Keywords><TimeCreated SystemTime="2025-12-17T00:00:51Z"/><EventRecordID>47412531</EventRecordID><Channel>Application</Channel><Computer>10-30-1-111</Computer><Security/></System><EventData><Data>Application 'MACHINE/WEBROOT/APPHOST/MAWSFNPLACEHOLDER73_F_V4_DOTNET-ISOLATED_8.0_X64' has shutdown.</Data><Data>Process Id: 4188.</Data><Data>File Version: 18.0.25301.22. Description: IIS ASP.NET Core Module V2 Request Handler. Commit: </Data></EventData></Event><Event><System><Provider Name="IIS AspNetCore Module V2"/><EventID>1033</EventID><Level>4</Level><Task>0</Task><Keywords>Keywords</Keywords><TimeCreated SystemTime="2025-12-17T00:11:56Z"/><EventRecordID>40679703</EventRecordID><Channel>Application</Channel><Computer>10-30-0-254</Computer><Security/></System><EventData><Data>Application 'MACHINE/WEBROOT/APPHOST/MAWSFNPLACEHOLDER62_F_V4_DOTNET-ISOLATED_8.0_X64' has shutdown.</Data><Data>Process Id: 2800.</Data><Data>File Version: 18.0.25301.22. Description: IIS ASP.NET Core Module V2 Request Handler. Commit: </Data></EventData></Event><Event><System><Provider Name="IIS AspNetCore Module V2"/><EventID>1033</EventID><Level>4</Level><Task>0</Task><Keywords>Keywords</Keywords><TimeCreated SystemTime="2025-12-17T09:05:40Z"/><EventRecordID>3023328</EventRecordID><Channel>Application</Channel><Computer>10-30-2-155</Computer><Security/></System><EventData><Data>Application 'MACHINE/WEBROOT/APPHOST/MAWSFNPLACEHOLDER3_F_V4_DOTNET-ISOLATED_8.0_X64' has shutdown.</Data><Data>Process Id: 616.</Data><Data>File Version: 18.0.25301.22. Description: IIS ASP.NET Core Module V2 Request Handler. Commit: </Data></EventData></Event><Event><System><Provider Name="IIS AspNetCore Module V2"/><EventID>1033</EventID><Level>4</Level><Task>0</Task><Keywords>Keywords</Keywords><TimeCreated SystemTime="2025-12-17T09:06:39Z"/><EventRecordID>279023265</EventRecordID><Channel>Application</Channel><Computer>10-30-2-202</Computer><Security/></System><EventData><Data>Application 'MACHINE/WEBROOT/APPHOST/MAWSFNPLACEHOLDER400_F_V4_DOTNET-ISOLATED_8.0_X64' has shutdown.</Data><Data>Process Id: 5544.</Data><Data>File Version: 18.0.25301.22. Description: IIS ASP.NET Core Module V2 Request Handler. Commit: </Data></EventData></Event><Event><System><Provider Name="IIS AspNetCore Module V2"/><EventID>1033</EventID><Level>4</Level><Task>0</Task><Keywords>Keywords</Keywords><TimeCreated SystemTime="2025-12-17T09:34:58Z"/><EventRecordID>92670453</EventRecordID><Channel>Application</Channel><Computer>10-30-18-151</Computer><Security/></System><EventData><Data>Application 'MACHINE/WEBROOT/APPHOST/MAWSFNPLACEHOLDER130_F_V4_DOTNET-ISOLATED_8.0_X64' has shutdown.</Data><Data>Process Id: 8156.</Data><Data>File Version: 18.0.25301.22. Description: IIS ASP.NET Core Module V2 Request Handler. Commit: </Data></EventData></Event><Event><System><Provider Name="IIS AspNetCore Module V2"/><EventID>1033</EventID><Level>4</Level><Task>0</Task><Keywords>Keywords</Keywords><TimeCreated SystemTime="2025-12-17T09:35:06Z"/><EventRecordID>8463250</EventRecordID><Channel>Application</Channel><Computer>10-30-17-47</Computer><Security/></System><EventData><Data>Application 'MACHINE/WEBROOT/APPHOST/MAWSFNPLACEHOLDER15_F_V4_DOTNET-ISOLATED_8.0_X64' has shutdown.</Data><Data>Process Id: 6676.</Data><Data>File Version: 18.0.25301.22. Description: IIS ASP.NET Core Module V2 Request Handler. Commit: </Data></EventData></Event><Event><System><Provider Name="IIS AspNetCore Module V2"/><EventID>1033</EventID><Level>4</Level><Task>0</Task><Keywords>Keywords</Keywords><TimeCreated SystemTime="2025-12-17T09:46:26Z"/><EventRecordID>4102156</EventRecordID><Channel>Application</Channel><Computer>10-30-14-253</Computer><Security/></System><EventData><Data>Application 'MACHINE/WEBROOT/APPHOST/MAWSFNPLACEHOLDER6_F_V4_DOTNET-ISOLATED_8.0_X64' has shutdown.</Data><Data>Process Id: 3820.</Data><Data>File Version: 18.0.25301.22. Description: IIS ASP.NET Core Module V2 Request Handler. Commit: </Data></EventData></Event><Event><System><Provider Name="IIS AspNetCore Module V2"/><EventID>1033</EventID><Level>4</Level><Task>0</Task><Keywords>Keywords</Keywords><TimeCreated SystemTime="2025-12-17T10:03:45Z"/><EventRecordID>112095125</EventRecordID><Channel>Application</Channel><Computer>10-30-16-78</Computer><Security/></System><EventData><Data>Application 'MACHINE/WEBROOT/APPHOST/MAWSFNPLACEHOLDER170_F_V4_DOTNET-ISOLATED_8.0_X64' has shutdown.</Data><Data>Process Id: 2772.</Data><Data>File Version: 18.0.25301.22. Description: IIS ASP.NET Core Module V2 Request Handler. Commit: </Data></EventData></Event><Event><System><Provider Name="IIS AspNetCore Module V2"/><EventID>1033</EventID><Level>4</Level><Task>0</Task><Keywords>Keywords</Keywords><TimeCreated SystemTime="2025-12-17T10:04:29Z"/><EventRecordID>43171046</EventRecordID><Channel>Application</Channel><Computer>10-30-15-93</Computer><Security/></System><EventData><Data>Application 'MACHINE/WEBROOT/APPHOST/MAWSFNPLACEHOLDER67_F_V4_DOTNET-ISOLATED_8.0_X64' has shutdown.</Data><Data>Process Id: 6100.</Data><Data>File Version: 18.0.25301.22. Description: IIS ASP.NET Core Module V2 Request Handler. Commit: </Data></EventData></Event><Event><System><Provider Name="IIS AspNetCore Module V2"/><EventID>1033</EventID><Level>4</Level><Task>0</Task><Keywords>Keywords</Keywords><TimeCreated SystemTime="2025-12-17T10:19:28Z"/><EventRecordID>115296531</EventRecordID><Channel>Application</Channel><Computer>10-30-17-74</Computer><Security/></System><EventData><Data>Application 'MACHINE/WEBROOT/APPHOST/MAWSFNPLACEHOLDER163_F_V4_DOTNET-ISOLATED_8.0_X64' has shutdown.</Data><Data>Process Id: 4732.</Data><Data>File Version: 18.0.25301.22. Description: IIS ASP.NET Core Module V2 Request Handler. Commit: </Data></EventData></Event><Event><System><Provider Name="IIS AspNetCore Module V2"/><EventID>1033</EventID><Level>4</Level><Task>0</Task><Keywords>Keywords</Keywords><TimeCreated SystemTime="2025-12-17T10:46:11Z"/><EventRecordID>9120531</EventRecordID><Channel>Application</Channel><Computer>10-30-1-11</Computer><Security/></System><EventData><Data>Application 'MACHINE/WEBROOT/APPHOST/MAWSFNPLACEHOLDER10_F_V4_DOTNET-ISOLATED_8.0_X64' has shutdown.</Data><Data>Process Id: 5576.</Data><Data>File Version: 18.0.25301.22. Description: IIS ASP.NET Core Module V2 Request Handler. Commit: </Data></EventData></Event><Event><System><Provider Name="IIS AspNetCore Module V2"/><EventID>1032</EventID><Level>4</Level><Task>0</Task><Keywords>Keywords</Keywords><TimeCreated SystemTime="2025-12-17T10:46:21Z"/><EventRecordID>9130625</EventRecordID><Channel>Application</Channel><Computer>10-30-1-11</Computer><Security/></System><EventData><Data>Application 'C:\Program Files (x86)\SiteExtensions\Functions\4.1045.200\64bit\' started successfully.</Data><Data>Process Id: 5760.</Data><Data>File Version: 18.0.25301.22. Description: IIS ASP.NET Core Module V2 Request Handler. Commit: </Data></EventData></Event><Event><System><Provider Name="IIS AspNetCore Module V2"/><EventID>1033</EventID><Level>4</Level><Task>0</Task><Keywords>Keywords</Keywords><TimeCreated SystemTime="2025-12-17T11:10:17Z"/><EventRecordID>10566562</EventRecordID><Channel>Application</Channel><Computer>10-30-1-11</Computer><Security/></System><EventData><Data>Application 'MACHINE/WEBROOT/APPHOST/FUNC-TIEVAPORTAL-6612' has shutdown.</Data><Data>Process Id: 5760.</Data><Data>File Version: 18.0.25301.22. Description: IIS ASP.NET Core Module V2 Request Handler. Commit: </Data></EventData></Event><Event><System><Provider Name="IIS AspNetCore Module V2"/><EventID>1033</EventID><Level>4</Level><Task>0</Task><Keywords>Keywords</Keywords><TimeCreated SystemTime="2025-12-17T11:31:25Z"/><EventRecordID>120485156</EventRecordID><Channel>Application</Channel><Computer>10-30-0-121</Computer><Security/></System><EventData><Data>Application 'MACHINE/WEBROOT/APPHOST/MAWSFNPLACEHOLDER171_F_V4_DOTNET-ISOLATED_8.0_X64' has shutdown.</Data><Data>Process Id: 4628.</Data><Data>File Version: 18.0.25301.22. Description: IIS ASP.NET Core Module V2 Request Handler. Commit: </Data></EventData></Event><Event><System><Provider Name="IIS AspNetCore Module V2"/><EventID>1032</EventID><Level>4</Level><Task>0</Task><Keywords>Keywords</Keywords><TimeCreated SystemTime="2025-12-17T11:31:35Z"/><EventRecordID>120494875</EventRecordID><Channel>Application</Channel><Computer>10-30-0-121</Computer><Security/></System><EventData><Data>Application 'C:\Program Files (x86)\SiteExtensions\Functions\4.1045.200\64bit\' started successfully.</Data><Data>Process Id: 6556.</Data><Data>File Version: 18.0.25301.22. Description: IIS ASP.NET Core Module V2 Request Handler. Commit: </Data></EventData></Event><Event><System><Provider Name="IIS AspNetCore Module V2"/><EventID>1033</EventID><Level>4</Level><Task>0</Task><Keywords>Keywords</Keywords><TimeCreated SystemTime="2025-12-17T11:53:29Z"/><EventRecordID>121808687</EventRecordID><Channel>Application</Channel><Computer>10-30-0-121</Computer><Security/></System><EventData><Data>Application 'MACHINE/WEBROOT/APPHOST/MAWSFNPLACEHOLDER171_F_V4_DOTNET-ISOLATED_8.0_X64' has shutdown.</Data><Data>Process Id: 6556.</Data><Data>File Version: 18.0.25301.22. Description: IIS ASP.NET Core Module V2 Request Handler. Commit: </Data></EventData></Event><Event><System><Provider Name="IIS AspNetCore Module V2"/><EventID>1033</EventID><Level>4</Level><Task>0</Task><Keywords>Keywords</Keywords><TimeCreated SystemTime="2025-12-17T12:16:03Z"/><EventRecordID>35863562</EventRecordID><Channel>Application</Channel><Computer>10-30-14-233</Computer><Security/></System><EventData><Data>Application 'MACHINE/WEBROOT/APPHOST/MAWSFNPLACEHOLDER48_F_V4_DOTNET-ISOLATED_8.0_X64' has shutdown.</Data><Data>Process Id: 268.</Data><Data>File Version: 18.0.25301.22. Description: IIS ASP.NET Core Module V2 Request Handler. Commit: </Data></EventData></Event><Event><System><Provider Name="IIS AspNetCore Module V2"/><EventID>1033</EventID><Level>4</Level><Task>0</Task><Keywords>Keywords</Keywords><TimeCreated SystemTime="2025-12-17T12:18:34Z"/><EventRecordID>36013718</EventRecordID><Channel>Application</Channel><Computer>10-30-14-233</Computer><Security/></System><EventData><Data>Application 'MACHINE/WEBROOT/APPHOST/MAWSFNPLACEHOLDER49_F_V4_DOTNET-ISOLATED_8.0_X64' has shutdown.</Data><Data>Process Id: 2112.</Data><Data>File Version: 18.0.25301.22. Description: IIS ASP.NET Core Module V2 Request Handler. Commit: </Data></EventData></Event><Event><System><Provider Name="IIS AspNetCore Module V2"/><EventID>1033</EventID><Level>4</Level><Task>0</Task><Keywords>Keywords</Keywords><TimeCreated SystemTime="2025-12-17T12:21:59Z"/><EventRecordID>91493453</EventRecordID><Channel>Application</Channel><Computer>10-30-1-192</Computer><Security/></System><EventData><Data>Application 'MACHINE/WEBROOT/APPHOST/MAWSFNPLACEHOLDER134_F_V4_DOTNET-ISOLATED_8.0_X64' has shutdown.</Data><Data>Process Id: 5960.</Data><Data>File Version: 18.0.25301.22. Description: IIS ASP.NET Core Module V2 Request Handler. Commit: </Data></EventData></Event><Event><System><Provider Name="IIS AspNetCore Module V2"/><EventID>1032</EventID><Level>4</Level><Task>0</Task><Keywords>Keywords</Keywords><TimeCreated SystemTime="2025-12-17T12:22:27Z"/><EventRecordID>91521656</EventRecordID><Channel>Application</Channel><Computer>10-30-1-192</Computer><Security/></System><EventData><Data>Application 'C:\Program Files (x86)\SiteExtensions\Functions\4.1045.200\64bit\' started successfully.</Data><Data>Process Id: 4152.</Data><Data>File Version: 18.0.25301.22. Description: IIS ASP.NET Core Module V2 Request Handler. Commit: </Data></EventData></Event><Event><System><Provider Name="IIS AspNetCore Module V2"/><EventID>1033</EventID><Level>4</Level><Task>0</Task><Keywords>Keywords</Keywords><TimeCreated SystemTime="2025-12-17T12:32:40Z"/><EventRecordID>92134328</EventRecordID><Channel>Application</Channel><Computer>10-30-1-192</Computer><Security/></System><EventData><Data>Application 'MACHINE/WEBROOT/APPHOST/MAWSFNPLACEHOLDER134_F_V4_DOTNET-ISOLATED_8.0_X64' has shutdown.</Data><Data>Process Id: 4152.</Data><Data>File Version: 18.0.25301.22. Description: IIS ASP.NET Core Module V2 Request Handler. Commit: </Data></EventData></Event><Event><System><Provider Name="IIS AspNetCore Module V2"/><EventID>1032</EventID><Level>4</Level><Task>0</Task><Keywords>Keywords</Keywords><TimeCreated SystemTime="2025-12-17T12:32:45Z"/><EventRecordID>92139640</EventRecordID><Channel>Application</Channel><Computer>10-30-1-192</Computer><Security/></System><EventData><Data>Application 'C:\Program Files (x86)\SiteExtensions\Functions\4.1045.200\64bit\' started successfully.</Data><Data>Process Id: 4276.</Data><Data>File Version: 18.0.25301.22. Description: IIS ASP.NET Core Module V2 Request Handler. Commit: </Data></EventData></Event><Event><System><Provider Name="IIS AspNetCore Module V2"/><EventID>1033</EventID><Level>4</Level><Task>0</Task><Keywords>Keywords</Keywords><TimeCreated SystemTime="2025-12-17T12:41:53Z"/><EventRecordID>92686875</EventRecordID><Channel>Application</Channel><Computer>10-30-1-192</Computer><Security/></System><EventData><Data>Application 'MACHINE/WEBROOT/APPHOST/MAWSFNPLACEHOLDER134_F_V4_DOTNET-ISOLATED_8.0_X64' has shutdown.</Data><Data>Process Id: 4276.</Data><Data>File Version: 18.0.25301.22. Description: IIS ASP.NET Core Module V2 Request Handler. Commit: </Data></EventData></Event><Event><System><Provider Name="IIS AspNetCore Module V2"/><EventID>1032</EventID><Level>4</Level><Task>0</Task><Keywords>Keywords</Keywords><TimeCreated SystemTime="2025-12-17T12:41:58Z"/><EventRecordID>92692640</EventRecordID><Channel>Application</Channel><Computer>10-30-1-192</Computer><Security/></System><EventData><Data>Application 'C:\Program Files (x86)\SiteExtensions\Functions\4.1045.200\64bit\' started successfully.</Data><Data>Process Id: 7268.</Data><Data>File Version: 18.0.25301.22. Description: IIS ASP.NET Core Module V2 Request Handler. Commit: </Data></EventData></Event><Event><System><Provider Name="IIS AspNetCore Module V2"/><EventID>1033</EventID><Level>4</Level><Task>0</Task><Keywords>Keywords</Keywords><TimeCreated SystemTime="2025-12-17T12:43:50Z"/><EventRecordID>92804437</EventRecordID><Channel>Application</Channel><Computer>10-30-1-192</Computer><Security/></System><EventData><Data>Application 'MACHINE/WEBROOT/APPHOST/MAWSFNPLACEHOLDER134_F_V4_DOTNET-ISOLATED_8.0_X64' has shutdown.</Data><Data>Process Id: 7268.</Data><Data>File Version: 18.0.25301.22. Description: IIS ASP.NET Core Module V2 Request Handler. Commit: </Data></EventData></Event></Events>