{"TimeStamp":"2025-12-17T12:41:47Z","SiteName":"func-tievaPortal-6612","RequestId":"331dd06d-e3ee-4780-9007-4e459e3529aa","Kind":"ZipDeploy","Status":"Success","Details":"{\"Id\":\"60bfcda9ec9543a5bfc9d59fc0f75f35\",\"Status\":4,\"StatusText\":\"\",\"AuthorEmail\":\"N/A\",\"Author\":\"N/A\",\"Message\":\"Created via a push deployment\",\"Progress\":\"\",\"Deployer\":\"ZipDeploy\",\"ReceivedTime\":\"2025-12-17T12:41:45.0997761Z\",\"StartTime\":\"2025-12-17T12:41:45.6622723Z\",\"EndTime\":\"2025-12-17T12:41:46.8966374Z\",\"LastSuccessEndTime\":\"2025-12-17T12:41:46.8966374Z\",\"Complete\":true,\"IsTemporary\":false,\"IsReadOnly\":true,\"SiteName\":\"func-tievaPortal-6612\",\"HostName\":\"func-tievaportal-6612.scm.azurewebsites.net\",\"ProjectType\":\"Run-From-Zip\",\"VsProjectId\":null}"}