﻿<?xml version="1.0" encoding="utf-8"?>
<deployment>
  <id>125063385292420797b8f3f6fb820ad0</id>
  <author>N/A</author>
  <deployer>ZipDeploy</deployer>
  <authorEmail>N/A</authorEmail>
  <message>Created via a push deployment</message>
  <progress></progress>
  <status>Success</status>
  <statusText></statusText>
  <lastSuccessEndTime>2025-12-17T12:32:34.41165Z</lastSuccessEndTime>
  <receivedTime>2025-12-17T12:32:32.5835287Z</receivedTime>
  <startTime>2025-12-17T12:32:33.2085448Z</startTime>
  <endTime>2025-12-17T12:32:34.41165Z</endTime>
  <complete>True</complete>
  <is_temp>False</is_temp>
  <is_readonly>True</is_readonly>
  <project_type>Run-From-Zip</project_type>
  <vsproject_id></vsproject_id>
</deployment>