﻿<?xml version="1.0" encoding="utf-8"?>
<deployment>
  <id>c4995637374a42289aaab087fa72a155</id>
  <author>N/A</author>
  <deployer>ZipDeploy</deployer>
  <authorEmail>N/A</authorEmail>
  <message>Created via a push deployment</message>
  <progress></progress>
  <status>Success</status>
  <statusText></statusText>
  <lastSuccessEndTime>2025-12-17T11:31:19.5621483Z</lastSuccessEndTime>
  <receivedTime>2025-12-17T11:31:17.498785Z</receivedTime>
  <startTime>2025-12-17T11:31:18.2018998Z</startTime>
  <endTime>2025-12-17T11:31:19.5621483Z</endTime>
  <complete>True</complete>
  <is_temp>False</is_temp>
  <is_readonly>True</is_readonly>
  <project_type>Run-From-Zip</project_type>
  <vsproject_id></vsproject_id>
</deployment>