﻿<?xml version="1.0" encoding="utf-8"?>
<deployment>
  <id>37d997a07c3a415e85759b87674b9253</id>
  <author>N/A</author>
  <deployer>ZipDeploy</deployer>
  <authorEmail>N/A</authorEmail>
  <message>Created via a push deployment</message>
  <progress></progress>
  <status>Success</status>
  <statusText></statusText>
  <lastSuccessEndTime>2025-12-17T10:46:00.6354737Z</lastSuccessEndTime>
  <receivedTime>2025-12-17T10:45:58.151098Z</receivedTime>
  <startTime>2025-12-17T10:45:58.8542162Z</startTime>
  <endTime>2025-12-17T10:46:00.6354737Z</endTime>
  <complete>True</complete>
  <is_temp>False</is_temp>
  <is_readonly>True</is_readonly>
  <project_type>Run-From-Zip</project_type>
  <vsproject_id></vsproject_id>
</deployment>