﻿<?xml version="1.0" encoding="utf-8"?>
<deployment>
  <id>16bfdb6b315444c4a8c1b14e15bca36e</id>
  <author>N/A</author>
  <deployer>ZipDeploy</deployer>
  <authorEmail>N/A</authorEmail>
  <message>Created via a push deployment</message>
  <progress></progress>
  <status>Success</status>
  <statusText></statusText>
  <lastSuccessEndTime>2025-12-16T21:34:30.376235Z</lastSuccessEndTime>
  <receivedTime>2025-12-16T21:34:28.5949499Z</receivedTime>
  <startTime>2025-12-16T21:34:29.1887141Z</startTime>
  <endTime>2025-12-16T21:34:30.376235Z</endTime>
  <complete>True</complete>
  <is_temp>False</is_temp>
  <is_readonly>True</is_readonly>
  <project_type>Run-From-Zip</project_type>
  <vsproject_id></vsproject_id>
</deployment>